Temperature;Humidity;Density;DustCapacity;ParticleSize;Resistivity;Conductivity;DustDispersiveness;Formation
74842,75;25,00;1,52;1158,85;2,37;22,65;average;coarse visible;decomposition
34527,97;25,00;1,52;1272,14;2,36;11,53;average;coarse visible;decomposition
5906,17;25,00;1,52;1478,31;2,35;12,60;average;coarse visible;decomposition
69134,82;25,00;1,52;1214,67;2,37;8,05;average;coarse microscopic;decomposition
22697,48;25,00;1,52;1299,58;2,36;48,88;average;coarse visible;decomposition
6921,39;25,00;1,52;1491,33;2,35;8,28;average;coarse microscopic;decomposition
4092,72;25,00;1,52;1587,11;2,34;7,50;average;coarse microscopic;decomposition
44993,29;25,00;1,52;1220,69;2,37;51,55;average;coarse visible;decomposition
23417,27;25,00;1,52;1256,31;2,37;40,16;average;coarse visible;decomposition
5165,26;25,00;1,52;1488,82;2,35;63,29;average;coarse visible;decomposition
53810,39;25,00;1,52;1254,96;2,37;15,10;average;coarse visible;decomposition
22008,69;25,00;1,52;1322,17;2,36;34,58;average;coarse visible;decomposition
4063,63;25,00;1,52;1504,87;2,35;21,90;average;coarse visible;decomposition
89875,10;25,00;1,52;1150,12;2,37;53,00;average;coarse visible;decomposition
47764,83;25,00;1,52;1284,05;2,36;8,31;average;coarse microscopic;decomposition
5468,70;25,00;1,52;1473,66;2,35;44,57;average;coarse visible;decomposition
27420,47;25,00;1,40;1205,88;2,37;6,91;average;coarse microscopic;decomposition
17102,61;25,00;1,40;1256,66;2,37;41,50;average;coarse visible;decomposition
3056,28;25,00;1,40;1419,62;2,35;3,08;average;coarse microscopic;decomposition
33750,41;25,00;1,40;1223,10;2,37;19,21;average;coarse visible;decomposition
39840,02;25,00;1,40;1212,93;2,37;4,82;average;coarse microscopic;decomposition
1848,94;25,00;1,40;1520,59;2,34;19,20;average;coarse visible;decomposition
7,81;25,00;3,20;918,42;2,40;60,02;average;coarse visible;decomposition
2,24;25,00;3,20;1089,69;2,38;5,34;average;coarse microscopic;decomposition
0,66;25,00;3,20;1422,16;2,35;11,70;average;coarse visible;decomposition
7,67;25,00;9,20;826,41;2,41;20,03;average;coarse visible;decomposition
2,29;25,00;9,20;989,27;2,39;58,11;average;coarse visible;decomposition
0,29;25,00;9,20;1416,72;2,35;53,85;good ;coarse visible;decomposition
0,16;25,00;17,39;2070,06;2,31;21,10;good ;coarse visible;condensation
0,08;25,00;17,39;2132,28;2,31;3,02;good ;coarse microscopic;condensation
65093,64;25,00;2,12;1123,17;2,38;0,55;average;fine-dispersed ultramicroscopic;decomposition
25104,87;25,00;2,12;1275,01;2,36;28,41;average;coarse visible;decomposition
2669,78;25,00;2,12;1457,46;2,35;35,09;average;coarse visible;decomposition
78606,34;25,00;2,12;1080,98;2,38;4,25;average;coarse microscopic;decomposition
13872,05;25,00;2,12;1249,70;2,37;33,31;average;coarse visible;decomposition
2417,90;25,00;2,12;1417,74;2,35;13,70;average;coarse visible;decomposition
63773,83;25,00;2,12;1110,29;2,38;42,30;average;coarse visible;decomposition
10434,49;25,00;2,12;1247,60;2,37;46,28;average;coarse visible;decomposition
1031,53;25,00;2,12;1566,49;2,34;15,01;average;coarse visible;decomposition
82728,54;25,00;2,12;1084,39;2,38;45,80;average;coarse visible;decomposition
20092,13;25,00;2,12;1223,61;2,37;24,14;average;coarse visible;decomposition
1227,71;25,00;2,12;1539,51;2,34;7,15;average;coarse microscopic;decomposition
26069,92;25,00;3,60;1060,60;2,38;47,55;average;coarse visible;decomposition
8227,26;25,00;3,60;1165,57;2,37;22,42;average;coarse visible;decomposition
751,94;25,00;3,60;1419,06;2,35;43,05;average;coarse visible;decomposition
19691,13;25,00;3,60;1033,32;2,39;16,54;average;coarse visible;decomposition
7980,42;25,00;3,60;1139,52;2,38;49,34;average;coarse visible;decomposition
549,75;25,00;3,60;1477,91;2,35;78,71;average;coarse visible;decomposition
12,48;25,00;4,55;973,03;2,39;59,05;average;coarse visible;condensation
6,41;25,00;4,55;1136,49;2,38;8,82;average;coarse microscopic;condensation
0,34;25,00;4,55;1549,64;2,34;21,16;good ;coarse visible;condensation
12,39;25,00;11,78;868,72;2,41;9,59;average;coarse microscopic;condensation
5,31;25,00;11,78;992,62;2,39;33,62;average;coarse visible;condensation
0,28;25,00;11,78;1441,83;2,35;29,55;good ;coarse visible;condensation
3136,77;25,00;3,83;1215,62;2,37;11,07;average;coarse visible;condensation
640,02;25,00;3,83;1452,67;2,35;9,73;average;coarse microscopic;condensation
38478,00;25,00;3,83;1050,56;2,38;24,72;average;coarse visible;condensation
566,13;25,00;3,83;1357,98;2,36;44,93;average;coarse visible;condensation
52719,26;25,00;3,83;1036,77;2,39;45,58;average;coarse visible;condensation
5195,86;25,00;3,83;1169,61;2,37;4,67;average;coarse microscopic;condensation
637,87;25,00;3,83;1512,88;2,35;13,46;average;coarse visible;condensation
49814,63;25,00;3,83;1039,46;2,39;40,94;average;coarse visible;condensation
5617,31;25,00;3,83;1216,69;2,37;10,97;average;coarse visible;condensation
487,07;25,00;3,83;1468,76;2,35;53,83;average;coarse visible;condensation
31042,05;25,00;2,50;1152,15;2,37;4,20;average;coarse microscopic;decomposition
3765,38;25,00;2,50;1202,09;2,37;5,91;average;coarse microscopic;decomposition
496,33;25,00;2,50;1386,64;2,35;36,18;average;coarse visible;decomposition
24138,74;25,00;2,50;1136,81;2,38;33,58;average;coarse visible;decomposition
4002,91;25,00;2,50;1218,91;2,37;6,09;average;coarse microscopic;decomposition
396,52;25,00;2,50;1421,31;2,35;27,82;average;coarse visible;decomposition
1,47;25,00;14,62;846,22;2,41;23,17;average;coarse visible;condensation
3,29;25,00;14,62;929,27;2,40;16,25;average;coarse visible;condensation
0,38;25,00;14,62;1444,06;2,35;61,27;good ;coarse visible;condensation
10,09;25,00;10,74;1013,48;2,39;44,26;average;coarse visible;condensation
4,08;25,00;10,74;1155,25;2,37;50,65;average;coarse visible;condensation
0,48;25,00;10,74;1594,08;2,34;52,92;good ;coarse visible;condensation
20281,04;25,00;1,60;1262,92;2,36;13,03;average;coarse visible;decomposition
4211,46;25,00;1,60;1340,46;2,36;7,10;average;coarse microscopic;decomposition
600,79;25,00;1,60;1515,76;2,34;16,07;average;coarse visible;decomposition
14922,96;25,00;1,60;1253,25;2,37;41,80;average;coarse visible;decomposition
5153,31;25,00;1,60;1316,81;2,36;34,21;average;coarse visible;decomposition
671,90;25,00;1,60;1487,71;2,35;18,70;average;coarse visible;decomposition
27090,81;25,00;1,60;1231,35;2,37;27,31;average;coarse visible;decomposition
18956,56;25,00;1,60;1299,61;2,36;41,75;average;coarse visible;decomposition
6795,86;25,00;1,60;1349,81;2,36;29,93;average;coarse visible;decomposition
1021,08;25,00;1,60;1459,60;2,35;35,25;average;coarse visible;decomposition
29819,42;25,00;1,60;1266,82;2,36;29,29;average;coarse visible;decomposition
9429,70;25,00;1,60;1315,28;2,36;13,81;average;coarse visible;decomposition
33324,10;25,00;1,50;1311,98;2,36;10,36;average;coarse visible;decomposition
28683,75;25,00;1,50;1297,99;2,36;29,29;average;coarse visible;decomposition
1234,68;25,00;1,50;1526,42;2,34;15,99;average;coarse visible;decomposition
20816,73;25,00;1,50;1343,30;2,36;49,29;average;coarse visible;decomposition
12056,63;25,00;1,50;1345,48;2,36;30,25;average;coarse visible;decomposition
1873,12;25,00;1,50;1466,42;2,35;36,96;average;coarse visible;decomposition
10,64;25,00;8,80;824,06;2,41;19,62;average;coarse visible;condensation
9,30;25,00;8,80;1082,31;2,38;13,06;average;coarse visible;condensation
3,33;25,00;13,41;1073,37;2,38;34,46;average;coarse visible;condensation
0,19;25,00;13,41;1204,70;2,37;21,79;good ;coarse visible;condensation
0,12;25,00;13,41;1605,69;2,34;13,95;good ;coarse visible;condensation
65222,72;25,00;1,40;1173,37;2,37;36,55;average;coarse visible;decomposition
30091,22;25,00;1,40;1276,16;2,36;16,89;average;coarse visible;decomposition
5118,77;25,00;1,40;1467,41;2,35;10,56;average;coarse visible;decomposition
97493,48;25,00;1,40;1141,66;2,38;51,68;average;coarse visible;decomposition
27251,94;25,00;1,40;1233,14;2,37;37,19;average;coarse visible;decomposition
2326,22;25,00;1,40;1518,65;2,34;26,95;average;coarse visible;decomposition
90341,28;25,00;1,40;1146,15;2,38;14,63;average;coarse visible;decomposition
31025,09;25,00;1,40;1248,61;2,37;31,63;average;coarse visible;decomposition
4908,84;25,00;1,40;1380,36;2,36;51,19;average;coarse visible;decomposition
77588,23;25,00;1,40;1176,32;2,37;81,62;average;coarse visible;decomposition
33740,76;25,00;1,40;1262,59;2,36;8,76;average;coarse microscopic;decomposition
5364,93;25,00;1,40;1453,74;2,35;26,07;average;coarse visible;decomposition
59016,01;25,00;1,80;1186,92;2,37;2,55;average;coarse microscopic;decomposition
75227,44;25,00;1,80;1146,02;2,38;8,48;average;coarse microscopic;decomposition
3614,81;25,00;1,80;1432,68;2,35;10,67;average;coarse visible;decomposition
48847,31;25,00;1,80;1222,19;2,37;13,30;average;coarse visible;decomposition
51311,02;25,00;1,80;1166,30;2,37;23,15;average;coarse visible;decomposition
2363,41;25,00;1,80;1462,52;2,35;4,75;average;coarse microscopic;decomposition
13,30;25,00;16,14;1053,78;2,38;5,29;average;coarse microscopic;decomposition
4,67;25,00;16,14;1240,84;2,37;27,30;average;coarse visible;decomposition
0,43;25,00;16,14;1724,82;2,33;36,89;good ;coarse visible;decomposition
11,62;25,00;20,92;866,62;2,41;37,11;average;coarse visible;decomposition
2,15;25,00;20,92;1035,23;2,39;10,71;average;coarse visible;decomposition
0,50;25,00;20,92;1582,75;2,34;45,65;good ;coarse visible;decomposition
45,61;25,00;3,40;1036,57;2,39;42,23;average;coarse visible;decomposition
8,93;25,00;3,40;1183,12;2,37;11,65;average;coarse visible;decomposition
2,87;25,00;3,40;1399,04;2,35;33,02;average;coarse visible;decomposition
43,32;25,00;3,40;1078,85;2,38;54,01;average;coarse visible;decomposition
9,47;25,00;3,40;1179,53;2,37;58,70;average;coarse visible;decomposition
2,77;25,00;3,40;1463,36;2,35;29,95;average;coarse visible;decomposition
79831,25;25,00;2,40;1128,83;2,38;14,19;average;coarse visible;decomposition
21413,59;25,00;2,40;1235,60;2,37;37,63;average;coarse visible;decomposition
3553,59;25,00;2,40;1406,46;2,35;26,16;average;coarse visible;decomposition
59990,77;25,00;2,40;1181,40;2,37;42,51;average;coarse visible;decomposition
14561,00;25,00;2,40;1282,30;2,36;32,13;average;coarse visible;decomposition
36165,19;25,00;2,40;1206,15;2,37;69,46;average;coarse visible;decomposition
16824,69;25,00;2,40;1286,93;2,36;3,54;average;coarse microscopic;decomposition
2823,77;25,00;2,40;1496,38;2,35;30,50;average;coarse visible;decomposition
151666,94;-5,00;2,40;1167,67;2,37;43,35;low;coarse visible;decomposition
97068,09;-5,00;2,40;1261,38;2,36;35,93;average;coarse visible;decomposition
22928,11;-5,00;2,40;1396,10;2,35;28,03;average;coarse visible;decomposition
134956,57;-5,00;2,40;1186,52;2,37;80,31;average;coarse visible;decomposition
68059,93;-5,00;2,40;1298,67;2,36;19,45;average;coarse visible;decomposition
0,15;25,00;15,20;1158,27;2,37;14,67;good ;coarse visible;condensation
0,13;25,00;15,20;1173,91;2,37;27,31;good ;coarse visible;condensation
0,11;25,00;15,20;1685,96;2,33;32,74;good ;coarse visible;condensation
0,31;25,00;15,20;1101,68;2,38;20,44;good ;coarse visible;condensation
0,13;25,00;15,20;1215,69;2,37;25,71;good ;coarse visible;condensation
0,12;25,00;15,20;1850,64;2,32;94,14;good ;coarse visible;condensation
1,10;25,00;11,80;1175,20;2,37;5,30;average;coarse microscopic;condensation
0,25;25,00;11,80;1246,85;2,37;2,87;good ;coarse microscopic;condensation
0,14;25,00;11,80;1517,79;2,34;23,16;good ;coarse visible;condensation
0,99;25,00;11,80;1208,48;2,37;1,25;good ;coarse microscopic;condensation
0,23;25,00;11,80;1261,07;2,36;44,13;good ;coarse visible;condensation
0,13;25,00;11,80;1594,10;2,34;42,95;good ;coarse visible;condensation
0,68;-5,00;11,80;1314,25;2,36;22,51;good ;coarse visible;condensation
0,29;-5,00;11,80;1526,81;2,34;32,13;good ;coarse visible;condensation
13,09;-5,00;11,80;1162,14;2,37;42,52;average;coarse visible;condensation
0,57;-5,00;11,80;1301,85;2,36;17,93;good ;coarse visible;condensation
0,28;-5,00;11,80;1595,70;2,34;9,76;good ;coarse microscopic;condensation
2,05;25,00;5,00;947,16;2,40;1,32;average;coarse microscopic;decomposition
0,65;25,00;5,00;1217,07;2,37;8,10;good ;coarse microscopic;decomposition
0,29;25,00;5,00;1525,64;2,34;5,65;good ;coarse microscopic;decomposition
1,19;25,00;5,00;1295,06;2,36;26,62;average;coarse visible;decomposition
0,58;25,00;5,00;1249,48;2,37;29,84;good ;coarse visible;decomposition
0,31;25,00;5,00;1486,32;2,35;38,70;good ;coarse visible;decomposition
11,24;25,00;3,40;1054,70;2,38;49,31;average;coarse visible;decomposition
12,99;25,00;3,40;1198,74;2,37;12,87;average;coarse visible;decomposition
0,96;25,00;3,40;1383,72;2,35;52,60;good ;coarse visible;decomposition
4,28;25,00;3,40;1096,63;2,38;60,75;average;coarse visible;decomposition
1,98;25,00;3,40;1267,27;2,36;60,37;average;coarse visible;decomposition
0,79;25,00;3,40;1465,52;2,35;5,64;good ;coarse microscopic;decomposition
21,47;-5,00;3,40;1182,01;2,37;18,68;average;coarse visible;decomposition
15,55;-5,00;3,40;1240,52;2,37;26,02;average;coarse visible;decomposition
2,26;-5,00;3,40;1459,33;2,35;12,20;average;coarse visible;decomposition
10,96;-5,00;3,40;1199,77;2,37;16,16;average;coarse visible;decomposition
3,92;-5,00;3,40;1311,27;2,36;17,74;average;coarse visible;decomposition
1,70;-5,00;3,40;1491,05;2,35;54,24;average;coarse visible;decomposition
2,48;25,00;4,60;1052,07;2,38;2,11;average;coarse microscopic;decomposition
0,63;25,00;4,60;1225,16;2,37;42,75;good ;coarse visible;decomposition
0,28;25,00;4,60;1470,93;2,35;44,45;good ;coarse visible;decomposition
1,29;25,00;4,60;1055,33;2,38;28,07;average;coarse visible;decomposition
0,57;25,00;4,60;1266,98;2,36;44,03;good ;coarse visible;decomposition
0,31;25,00;4,60;1421,03;2,35;38,77;good ;coarse visible;decomposition
2,33;25,00;3,60;1233,42;2,37;18,65;average;coarse visible;decomposition
1,03;25,00;3,60;1389,03;2,35;0,42;average;fine-dispersed ultramicroscopic;decomposition
4,04;25,00;3,60;1111,61;2,38;24,38;average;coarse visible;decomposition
1,87;25,00;3,60;1267,88;2,36;26,60;average;coarse visible;decomposition
0,78;25,00;3,60;1458,80;2,35;18,91;good ;coarse visible;decomposition
10,58;-5,00;3,60;1195,52;2,37;35,11;average;coarse visible;decomposition
2,91;-5,00;3,60;1232,41;2,37;17,99;average;coarse visible;decomposition
1,33;-5,00;3,60;1473,66;2,35;40,59;average;coarse visible;decomposition
5,70;-5,00;3,60;1178,26;2,37;32,32;average;coarse visible;decomposition
2,41;-5,00;3,60;1275,90;2,36;21,48;average;coarse visible;decomposition
1,04;-5,00;3,60;1538,92;2,34;24,71;average;coarse visible;decomposition
231,28;-20,00;3,00;1073,27;2,38;13,41;average;coarse visible;decomposition
178,02;-20,00;3,00;1188,72;2,37;73,55;average;coarse visible;decomposition
78,16;-20,00;3,00;1367,31;2,36;10,66;average;coarse visible;decomposition
149,03;-20,00;3,00;1117,89;2,38;39,40;average;coarse visible;decomposition
135,76;-20,00;3,00;1226,20;2,37;64,13;average;coarse visible;decomposition
58,78;-20,00;3,00;1426,12;2,35;52,85;average;coarse visible;decomposition
178,49;-20,00;3,00;1112,83;2,38;29,27;average;coarse visible;decomposition
133,60;-20,00;3,00;1274,58;2,36;30,17;average;coarse visible;decomposition
46,84;-20,00;3,00;1512,59;2,35;12,81;average;coarse visible;decomposition
7284,82;25,00;1,19;1293,55;2,36;62,81;average;coarse visible;decomposition
790,07;25,00;1,19;1525,35;2,34;29,84;average;coarse visible;decomposition
36533,63;25,00;1,19;1103,86;2,38;27,32;average;coarse visible;decomposition
5791,10;25,00;1,19;1337,65;2,36;55,94;average;coarse visible;decomposition
566,72;25,00;1,19;1560,34;2,34;64,85;average;coarse visible;decomposition
17641,62;25,00;1,19;1176,91;2,37;12,82;average;coarse visible;decomposition
1029,19;25,00;1,19;1471,20;2,35;39,72;average;coarse visible;decomposition
21606,14;25,00;1,19;1173,61;2,37;48,10;average;coarse visible;decomposition
4269,05;25,00;1,19;1339,96;2,36;2,59;average;coarse microscopic;decomposition
494,90;25,00;1,19;1574,86;2,34;41,93;average;coarse visible;decomposition
58901,90;25,00;1,60;1041,06;2,39;51,37;average;coarse visible;decomposition
16879,56;25,00;1,60;1152,56;2,37;38,17;average;coarse visible;decomposition
939,37;25,00;1,60;1487,15;2,35;37,72;average;coarse visible;decomposition
61908,23;25,00;1,60;1039,15;2,39;16,88;average;coarse visible;decomposition
18543,61;25,00;1,60;1179,98;2,37;65,57;average;coarse visible;decomposition
1301,47;25,00;1,60;1526,23;2,34;81,31;average;coarse visible;decomposition
143,93;25,00;4,00;1098,64;2,38;39,27;average;coarse visible;decomposition
31,32;25,00;4,00;1245,04;2,37;42,97;average;coarse visible;decomposition
6,30;25,00;4,00;1504,58;2,35;11,49;average;coarse visible;decomposition
1,02;25,00;6,20;1127,67;2,38;31,28;average;coarse visible;condensation
0,48;25,00;6,20;1313,16;2,36;40,73;good ;coarse visible;condensation
1,09;25,00;8,80;1040,53;2,39;35,18;average;coarse visible;condensation
0,56;25,00;8,80;1183,35;2,37;8,17;good ;coarse microscopic;condensation
0,29;25,00;8,80;1520,10;2,34;34,51;good ;coarse visible;condensation
94774,99;-5,00;1,60;1190,75;2,37;47,15;average;coarse visible;decomposition
43590,29;-5,00;1,60;1237,47;2,37;42,35;average;coarse visible;decomposition
17005,80;-5,00;1,60;1341,27;2,36;4,56;average;coarse microscopic;decomposition
77182,83;-5,00;1,60;1195,91;2,37;47,09;average;coarse visible;decomposition
34590,24;-5,00;1,60;1271,43;2,36;68,32;average;coarse visible;decomposition
6566,96;-5,00;1,60;1414,96;2,35;18,44;average;coarse visible;decomposition
119878,34;-20,00;1,60;1286,42;2,36;10,88;low;coarse visible;decomposition
66820,75;-20,00;1,60;1292,95;2,36;13,94;average;coarse visible;decomposition
9665,68;-20,00;1,60;1423,25;2,35;5,00;average;coarse microscopic;decomposition
120096,04;-20,00;1,60;1291,56;2,36;46,15;low;coarse visible;decomposition
62937,16;-20,00;1,60;1319,10;2,36;42,85;average;coarse visible;decomposition
6438,58;-20,00;1,60;1426,12;2,35;2,21;average;coarse microscopic;decomposition
49846,60;10,00;1,60;1061,03;2,38;22,54;average;coarse visible;decomposition
9666,80;10,00;1,60;1178,93;2,37;5,85;average;coarse microscopic;decomposition
6383,72;10,00;1,60;1273,24;2,36;40,55;average;coarse visible;decomposition
80424,77;10,00;1,60;1061,03;2,38;19,32;average;coarse visible;decomposition
43097,66;10,00;1,60;1149,13;2,37;60,85;average;coarse visible;decomposition
10471,98;10,00;1,60;1326,29;2,36;10,65;average;coarse visible;decomposition
89640,11;10,00;1,60;1061,03;2,38;3,02;average;coarse microscopic;decomposition
31415,93;10,00;1,60;1136,82;2,38;35,24;average;coarse visible;decomposition
11242,78;10,00;1,60;1304,55;2,36;7,96;average;coarse microscopic;decomposition
36379,64;25,00;1,60;1058,38;2,38;11,31;average;coarse visible;decomposition
23147,25;25,00;1,60;1150,69;2,37;19,14;average;coarse visible;decomposition
45185,08;25,00;1,60;1069,75;2,38;10,48;average;coarse visible;decomposition
68913,98;25,00;1,60;993,13;2,39;30,87;average;coarse visible;decomposition
77911,50;25,00;1,60;890,87;2,40;47,65;average;coarse visible;decomposition
38453,09;25,00;1,60;986,76;2,39;44,13;average;coarse visible;decomposition
22820,53;25,00;1,60;1082,25;2,38;3,86;average;coarse microscopic;decomposition
42797,47;25,00;1,60;987,90;2,39;24,74;average;coarse visible;decomposition
69203,00;25,00;1,60;970,85;2,39;38,12;average;coarse visible;decomposition
82309,73;25,00;1,60;891,27;2,40;3,81;average;coarse microscopic;decomposition
90415,04;25,00;1,60;795,77;2,41;20,66;average;coarse visible;decomposition
174370,96;25,00;1,60;1114,08;2,38;5,89;low;coarse microscopic;decomposition
97048,29;25,00;1,60;1136,82;2,38;63,96;average;coarse visible;decomposition
193522,11;25,00;1,60;1034,51;2,39;12,01;low;coarse visible;decomposition
345575,19;25,00;1,60;994,72;2,39;34,74;low;coarse visible;decomposition
794194,62;-20,00;1,60;821,24;2,41;25,14;low;coarse visible;decomposition
698690,21;-20,00;1,60;902,41;2,40;67,04;low;coarse visible;decomposition
1683893,66;-20,00;1,60;902,41;2,40;14,53;low;coarse visible;decomposition
917345,05;-20,00;1,60;767,13;2,42;36,32;low;coarse visible;decomposition
1549852,38;-20,00;1,60;898,16;2,40;68,03;low;coarse visible;decomposition
891709,66;-20,00;1,60;827,61;2,41;13,94;low;coarse visible;decomposition
773334,45;-20,00;1,60;938,22;2,40;37,64;low;coarse visible;decomposition
1625250,60;-20,00;1,60;821,77;2,41;32,99;low;coarse visible;decomposition
49846,60;-20,00;1,60;1061,03;2,38;42,63;low;coarse visible;decomposition
9666,80;-20,00;1,60;1178,93;2,37;37,38;average;coarse visible;decomposition
6383,72;-20,00;1,60;1273,24;2,36;13,71;average;coarse visible;decomposition
80424,77;-20,00;1,60;1061,03;2,38;28,43;average;coarse visible;decomposition
43097,66;-20,00;1,60;1149,13;2,37;44,97;average;coarse visible;decomposition
10471,98;-20,00;1,60;1326,29;2,36;12,78;average;coarse visible;decomposition
89640,11;-20,00;1,60;1061,03;2,38;38,44;average;coarse visible;decomposition
31415,93;-20,00;1,60;1136,82;2,38;9,87;average;coarse microscopic;decomposition
11242,78;-20,00;1,60;1304,55;2,36;56,82;average;coarse visible;decomposition
11814,07;-5,00;2,40;1439,27;2,35;61,33;average;coarse visible;decomposition
3012562,96;-20,00;2,40;1421,03;2,35;27,10;low;coarse visible;decomposition
2738085,34;-20,00;2,40;1460,14;2,35;32,30;low;coarse visible;decomposition
2537096,63;-20,00;2,40;1508,58;2,35;18,04;low;coarse visible;decomposition
3347224,17;-20,00;2,40;1446,86;2,35;37,34;low;coarse visible;decomposition
2949367,35;-20,00;2,40;1453,47;2,35;49,50;low;coarse visible;decomposition
2764601,54;-20,00;2,40;1515,76;2,34;2,85;low;coarse microscopic;decomposition
3229727,83;-20,00;2,40;1440,32;2,35;41,75;low;coarse visible;decomposition
3033064,91;-20,00;2,40;1446,86;2,35;8,63;low;coarse microscopic;decomposition
2650253,52;-20,00;2,40;1508,58;2,35;37,91;low;coarse visible;decomposition
276,46;25,00;2,40;1245,39;2,37;21,67;average;coarse visible;decomposition
125,66;25,00;2,40;993,13;2,39;20,99;average;coarse visible;decomposition
186,70;25,00;2,40;1082,25;2,38;40,76;average;coarse visible;decomposition
1084,48;25,00;2,40;1062,36;2,38;24,47;average;coarse visible;decomposition
640,88;25,00;2,40;1036,50;2,39;30,73;average;coarse visible;decomposition
383,27;25,00;2,40;1213,56;2,37;25,35;average;coarse visible;decomposition
196,04;25,00;2,40;1029,73;2,39;43,23;average;coarse visible;decomposition
224,40;25,00;2,40;1069,75;2,38;32,55;average;coarse visible;decomposition
1271,72;25,00;2,40;996,31;2,39;56,29;average;coarse visible;decomposition
806,76;25,00;2,40;1019,39;2,39;20,73;average;coarse visible;decomposition
10492,92;25,00;2,40;1591,55;2,34;28,67;average;coarse visible;decomposition
18723,89;25,00;2,40;1432,39;2,35;24,87;average;coarse visible;decomposition
29261,69;25,00;2,40;1364,19;2,36;0,83;average;fine-dispersed ultramicroscopic;decomposition
40463,71;25,00;2,40;1193,66;2,37;50,35;average;coarse visible;decomposition
51377,61;25,00;2,40;1153,87;2,37;19,82;average;coarse visible;decomposition
3,14;25,00;11,80;1193,66;2,37;52,44;average;coarse visible;condensation
1,51;25,00;11,80;954,93;2,40;31,98;average;coarse visible;condensation
1,26;25,00;11,80;1023,14;2,39;38,95;average;coarse visible;condensation
1,26;25,00;11,80;954,93;2,40;28,24;average;coarse visible;condensation
1,01;25,00;11,80;755,99;2,42;32,70;average;coarse visible;condensation
2,51;25,00;11,80;1114,08;2,38;9,35;average;coarse microscopic;condensation
2,26;25,00;11,80;875,35;2,40;0,97;average;fine-dispersed ultramicroscopic;condensation
1,80;25,00;11,80;1023,14;2,39;61,80;average;coarse visible;condensation
1,51;25,00;11,80;915,14;2,40;5,30;average;coarse microscopic;condensation
1,13;25,00;11,80;795,77;2,41;8,49;average;coarse microscopic;condensation
5,65;25,00;11,80;1193,66;2,37;67,45;average;coarse visible;condensation
3,02;25,00;11,80;954,93;2,40;47,72;average;coarse visible;condensation
2,51;25,00;11,80;1023,14;2,39;34,56;average;coarse visible;condensation
3,64;25,00;11,80;954,93;2,40;50,43;average;coarse visible;condensation
1,13;25,00;11,80;1074,30;2,38;3,72;average;coarse microscopic;condensation
14,45;25,00;3,40;795,77;2,41;11,41;average;coarse visible;decomposition
7,79;25,00;3,40;954,93;2,40;48,83;average;coarse visible;decomposition
4,31;25,00;3,40;1136,82;2,38;0,62;average;fine-dispersed ultramicroscopic;decomposition
3,14;25,00;3,40;1114,08;2,38;44,71;average;coarse visible;decomposition
3,64;25,00;3,40;915,14;2,40;42,96;average;coarse visible;decomposition
12,32;25,00;3,40;954,93;2,40;26,95;average;coarse visible;decomposition
5,21;25,00;3,40;1023,14;2,39;20,23;average;coarse visible;decomposition
4,52;25,00;3,40;954,93;2,40;40,91;average;coarse visible;decomposition
3,46;25,00;3,40;915,14;2,40;34,58;average;coarse visible;decomposition
64,72;25,00;3,40;1193,66;2,37;24,97;average;coarse visible;decomposition
25,13;25,00;3,40;1273,24;2,36;35,04;average;coarse visible;decomposition
27,47;25,00;3,40;1136,82;2,38;36,74;average;coarse visible;decomposition
31,04;25,00;3,40;1034,51;2,39;40,39;average;coarse visible;decomposition
18,03;25,00;3,40;994,72;2,39;44,98;average;coarse visible;decomposition
12,57;25,00;3,00;795,77;2,41;35,32;average;coarse visible;decomposition
7,29;25,00;3,00;795,77;2,41;37,05;average;coarse visible;decomposition
3,95;25,00;3,00;909,46;2,40;35,31;average;coarse visible;decomposition
4,40;25,00;3,00;875,35;2,40;59,13;average;coarse visible;decomposition
3,77;25,00;3,00;835,56;2,41;5,96;average;coarse microscopic;decomposition
17,59;25,00;3,00;1193,66;2,37;44,46;average;coarse visible;decomposition
7,54;25,00;3,00;954,93;2,40;25,07;average;coarse visible;decomposition
23,34;25,00;3,00;1250,50;2,37;42,03;average;coarse visible;decomposition
2,26;25,00;3,00;1114,08;2,38;17,38;average;coarse visible;decomposition
4,90;25,00;3,00;835,56;2,41;47,90;average;coarse visible;decomposition
50,27;25,00;3,00;1193,66;2,37;15,91;average;coarse visible;decomposition
21,87;25,00;3,00;1273,24;2,36;13,77;average;coarse visible;decomposition
12,57;25,00;3,00;1193,66;2,37;41,67;average;coarse visible;decomposition
6,97;25,00;3,00;1114,08;2,38;8,23;average;coarse microscopic;decomposition
